<?xml version="1.0" encoding="utf-8" ?>
<Properties>
 <Property name="Identificazione oggetto" id="2000" index="0" type="7">65/14/1/0</Property>
 <Property name="Ultimo incaricato: Codice" id="3010" index="0" type="7"/>
 <Property name="Ultimo incaricato: Nome" id="3011" index="0" type="7">Marrone C.</Property>
 <Property name="Ultimo incaricato: Telefono" id="3012" index="0" type="7"/>
 <Property name="Ultimo incaricato: E-mail" id="3013" index="0" type="7"/>
 <Property name="Struttura progetto: Assegnazione funzioni" id="10001" index="0" type="7"/>
 <Property name="Struttura progetto: Identificativo della funzione" id="10002" index="0" type="7">&lt;1100&gt;&lt;1101&gt;&lt;1102&gt;&lt;1103&gt;&lt;1104&gt;&lt;1105&gt;&lt;1106&gt;&lt;1107&gt;&lt;1108&gt;&lt;1109&gt;</Property>
 <Property name="Struttura progetto: Luogo d&apos;installazione" id="10003" index="0" type="7"/>
 <Property name="Struttura progetto: Luogo di montaggio" id="10004" index="0" type="7">&lt;1200&gt;&lt;1201&gt;&lt;1202&gt;&lt;1203&gt;&lt;1204&gt;&lt;1205&gt;&lt;1206&gt;&lt;1207&gt;&lt;1208&gt;&lt;1209&gt;</Property>
 <Property name="Struttura progetto: N. d&apos;impianto" id="10005" index="0" type="7">&lt;1700&gt;</Property>
 <Property name="Struttura progetto: Tipo di documento" id="10006" index="0" type="7">&lt;1500&gt;</Property>
 <Property name="Struttura progetto: Struttura definita dall&apos;utente" id="10007" index="0" type="7"/>
 <Property name="Nome progetto (completo)" id="10009" index="0" type="7">C:\Users\Marrone\Desktop\File Cristian\Camper.elk</Property>
 <Property name="Percorso progetto" id="10010" index="0" type="7">C:\Users\Marrone\Desktop\File Cristian</Property>
 <Property name="Descrizione progetto" id="10011" index="0" type="15">it_IT@Descrizione progetto;de_DE@Projektbeschreibung;en_US@Project description;es_ES@Descripción de proyecto;fr_FR@Description de projet;nl_NL@Projectbeschrijving;sv_SE@Projektbeskrivning;da_DK@Projektbeskrivelse;ru_RU@Описание проекта;zh_CN@项目描述;pl_PL@Opis projektu;pt_BR@Descrição do projeto;cs_CZ@Popis projektu;hu_HU@Projektleírás;pt_PT@Descrição do projeto;ko_KR@프로젝트 설명;ja_JP@プロジェクト説明;tr_TR@Proje açıklaması;ro_RO@Descriere proiect;</Property>
 <Property name="Importa nome pagina nella SEF" id="10012" index="0" type="1">0</Property>
 <Property name="Numero progetto" id="10013" index="0" type="7">IEC_bas001</Property>
 <Property name="Commessa" id="10014" index="0" type="15">it_IT@Commessa;de_DE@Kommission;en_US@Commission;es_ES@Comisión;fr_FR@Commission;nl_NL@Opdrachtgever;sv_SE@Kommission;da_DK@Kommission;ru_RU@Комиссия;zh_CN@代理;pl_PL@Komisja;pt_BR@Comissão;cs_CZ@Komise;hu_HU@Bizottság;pt_PT@Comissão;ko_KR@위임;ja_JP@嘱託;tr_TR@İşletime alma;ro_RO@Comisionare;</Property>
 <Property name="Nome ditta" id="10015" index="0" type="7">Dieffe Automazione S.r.l.</Property>
 <Property name="Indirizzo ditta 1" id="10016" index="0" type="7">C.da Ripoli - Zona Artiglianale</Property>
 <Property name="Indirizzo ditta 2" id="10017" index="0" type="7">64023 - Mosciano S. Angelo (TE) Italy</Property>
 <Property name="Carattere di separazione strutture" id="10018" index="0" type="7">16&#9;==&#9;.&#9;=&#9;.&#9;++&#9;.&#9;+&#9;.&#9;&#9;&#9;&amp;&#9;&#9;#&#9;#&#9;-&#9;-</Property>
 <Property name="Nidificazioni sigle elemento funzionale" id="10019" index="0" type="7">16&#9;1&#9;1&#9;1&#9;1&#9;1&#9;1&#9;1&#9;1&#9;0&#9;0&#9;0&#9;0&#9;1&#9;0&#9;1&#9;0</Property>
 <Property name="Autore" id="10020" index="0" type="7">Marrone C.</Property>
 <Property name="Data di creazione" id="10021" index="0" type="14">1599038261</Property>
 <Property name="Ultimo incaricato: Nome accesso" id="10022" index="0" type="7">Marrone C.</Property>
 <Property name="Data modifica" id="10023" index="0" type="14">1708953516</Property>
 <Property name="Ultima traduzione in lingua straniera: Data" id="10024" index="0" type="14">1535469922</Property>
 <Property name="Data odierna" id="10027" index="0" type="14">1708953525</Property>
 <Property name="Inizio progetto" id="10028" index="0" type="14">1599038293</Property>
 <Property name="Formati struttura di livello superiore" id="10029" index="0" type="7">4&#9;0&#9;0&#9;0&#9;0</Property>
 <Property name="Tensione di comando" id="10041" index="0" type="7">24V DC</Property>
 <Property name="Ultima versione EPLAN utilizzata" id="10043" index="0" type="7">2023.0.3</Property>
 <Property name="Ultima build EPLAN utilizzata" id="10044" index="0" type="7">19351</Property>
 <Property name="Percorso progetto (completo)" id="10045" index="0" type="7">C:\Users\Marrone\Desktop\File Cristian</Property>
 <Property name="Ora creazione" id="10046" index="0" type="7">11:17:41</Property>
 <Property name="Ora modifica" id="10047" index="0" type="7">14:18:36</Property>
 <Property name="Ultima traduzione in lingua straniera: Ora" id="10048" index="0" type="7">17:25:22</Property>
 <Property name="Formato struttura per pagine" id="10050" index="0" type="7">&lt;10002&gt;&lt;10004&gt;&lt;10006&gt;&lt;11012&gt;&lt;11013&gt;</Property>
 <Property name="Formato struttura per punti di interruzione" id="10051" index="0" type="7">&lt;10002&gt;&lt;10004&gt;&lt;20012&gt;&lt;20013&gt;&lt;20014&gt;&lt;20015&gt;</Property>
 <Property name="Formato struttura per sbarre collettrici" id="10053" index="0" type="7">&lt;10002&gt;&lt;10004&gt;&lt;20012&gt;&lt;20013&gt;&lt;20014&gt;&lt;20015&gt;&lt;20016&gt;&lt;20017&gt;&lt;20018&gt;&lt;20019&gt;</Property>
 <Property name="Formato struttura di livello superiore per tutti gli elementi funzionali" id="10054" index="0" type="7">&lt;10002&gt;&lt;10004&gt;&lt;10005&gt;&lt;20012&gt;&lt;20013&gt;&lt;20014&gt;&lt;20015&gt;&lt;20016&gt;&lt;20017&gt;&lt;20018&gt;&lt;20019&gt;</Property>
 <Property name="Formato struttura per elementi funzionali generici" id="10055" index="0" type="7">&lt;10002&gt;&lt;10004&gt;&lt;20012&gt;&lt;20013&gt;&lt;20014&gt;&lt;20015&gt;&lt;20016&gt;&lt;20017&gt;&lt;20018&gt;&lt;20019&gt;</Property>
 <Property name="Formato struttura per cassette di apparecchiatura" id="10056" index="0" type="7">&lt;10002&gt;&lt;10004&gt;&lt;20012&gt;&lt;20013&gt;&lt;20014&gt;&lt;20015&gt;&lt;20016&gt;&lt;20017&gt;&lt;20018&gt;&lt;20019&gt;</Property>
 <Property name="Formato struttura per ingegneria PLC o bus" id="10057" index="0" type="7">&lt;10002&gt;&lt;10004&gt;&lt;20012&gt;&lt;20013&gt;&lt;20014&gt;&lt;20015&gt;&lt;20016&gt;&lt;20017&gt;&lt;20018&gt;&lt;20019&gt;</Property>
 <Property name="Ora" id="10058" index="0" type="14">1708953525</Property>
 <Property name="Formato struttura per morsettiere" id="10059" index="0" type="7">&lt;10002&gt;&lt;10004&gt;&lt;20012&gt;&lt;20013&gt;&lt;20014&gt;&lt;20015&gt;&lt;20016&gt;&lt;20017&gt;&lt;20018&gt;&lt;20019&gt;</Property>
 <Property name="Formato struttura per connettori" id="10060" index="0" type="7">&lt;10002&gt;&lt;10004&gt;&lt;20012&gt;&lt;20013&gt;&lt;20014&gt;&lt;20015&gt;&lt;20016&gt;&lt;20017&gt;&lt;20018&gt;&lt;20019&gt;</Property>
 <Property name="Formato struttura per cavi" id="10061" index="0" type="7">&lt;10002&gt;&lt;10004&gt;&lt;20012&gt;&lt;20013&gt;&lt;20014&gt;&lt;20015&gt;&lt;20016&gt;&lt;20017&gt;&lt;20018&gt;&lt;20019&gt;</Property>
 <Property name="Formato struttura per cassette di struttura" id="10062" index="0" type="7">&lt;10002&gt;&lt;10004&gt;&lt;10005&gt;&lt;20012&gt;&lt;20013&gt;&lt;20014&gt;&lt;20015&gt;&lt;20016&gt;&lt;20017&gt;&lt;20018&gt;&lt;20019&gt;</Property>
 <Property name="Formato struttura elemento funzionale fluidico" id="10063" index="0" type="7">&lt;10005&gt;&lt;20012&gt;&lt;20013&gt;&lt;20014&gt;&lt;20015&gt;&lt;20016&gt;&lt;20017&gt;&lt;20018&gt;&lt;20019&gt;</Property>
 <Property name="Formato struttura per accoppiatori / ripartitori linee e fluidi" id="10064" index="0" type="7">&lt;20012&gt;&lt;20013&gt;&lt;20014&gt;&lt;20015&gt;&lt;20016&gt;&lt;20017&gt;&lt;20018&gt;&lt;20019&gt;</Property>
 <Property name="Numero di pagine bloccate per tipo di pagina" id="10065" index="1" type="4">0</Property>
 <Property name="Numero di pagine bloccate per tipo di pagina" id="10065" index="2" type="4">0</Property>
 <Property name="Numero di pagine bloccate per tipo di pagina" id="10065" index="3" type="4">0</Property>
 <Property name="Numero di pagine bloccate per tipo di pagina" id="10065" index="4" type="4">0</Property>
 <Property name="Numero di pagine bloccate per tipo di pagina" id="10065" index="5" type="4">0</Property>
 <Property name="Numero di pagine bloccate per tipo di pagina" id="10065" index="6" type="4">0</Property>
 <Property name="Numero di pagine bloccate per tipo di pagina" id="10065" index="7" type="4">0</Property>
 <Property name="Numero di pagine bloccate per tipo di pagina" id="10065" index="8" type="4">0</Property>
 <Property name="Numero di pagine bloccate per tipo di pagina" id="10065" index="9" type="4">0</Property>
 <Property name="Numero di pagine bloccate per tipo di pagina" id="10065" index="10" type="4">0</Property>
 <Property name="Numero di pagine bloccate per tipo di pagina" id="10065" index="11" type="4">0</Property>
 <Property name="Numero di pagine bloccate per tipo di pagina" id="10065" index="12" type="4">0</Property>
 <Property name="Numero di pagine bloccate per tipo di pagina" id="10065" index="13" type="4">0</Property>
 <Property name="Numero di pagine bloccate per tipo di pagina" id="10065" index="14" type="4">0</Property>
 <Property name="Numero di pagine bloccate per tipo di pagina" id="10065" index="15" type="4">0</Property>
 <Property name="Numero di pagine bloccate per tipo di pagina" id="10065" index="16" type="4">0</Property>
 <Property name="Numero di pagine bloccate per tipo di pagina" id="10065" index="17" type="4">0</Property>
 <Property name="Numero di pagine bloccate per tipo di pagina" id="10065" index="18" type="4">0</Property>
 <Property name="Numero di pagine bloccate per tipo di pagina" id="10065" index="19" type="4">0</Property>
 <Property name="Numero di pagine bloccate per tipo di pagina" id="10065" index="20" type="4">0</Property>
 <Property name="Numero di pagine bloccate per tipo di pagina" id="10065" index="21" type="4">0</Property>
 <Property name="Numero di pagine bloccate per tipo di pagina" id="10065" index="22" type="4">0</Property>
 <Property name="Numero di pagine bloccate per tipo di pagina" id="10065" index="23" type="4">0</Property>
 <Property name="Numero di pagine bloccate per tipo di pagina" id="10065" index="24" type="4">0</Property>
 <Property name="Numero di pagine bloccate per tipo di pagina" id="10065" index="25" type="4">0</Property>
 <Property name="Numero di pagine bloccate per tipo di pagina" id="10065" index="26" type="4">0</Property>
 <Property name="Numero di pagine bloccate per tipo di pagina" id="10065" index="27" type="4">0</Property>
 <Property name="Numero di pagine bloccate per tipo di pagina" id="10065" index="28" type="4">0</Property>
 <Property name="Numero di pagine bloccate per tipo di pagina" id="10065" index="29" type="4">0</Property>
 <Property name="Numero di pagine bloccate per tipo di pagina" id="10065" index="30" type="4">0</Property>
 <Property name="Numero di pagine bloccate per tipo di pagina" id="10065" index="31" type="4">0</Property>
 <Property name="Numero di pagine bloccate per tipo di pagina" id="10065" index="32" type="4">0</Property>
 <Property name="Numero di pagine bloccate per tipo di pagina" id="10065" index="33" type="4">0</Property>
 <Property name="Numero di pagine bloccate per tipo di pagina" id="10065" index="34" type="4">0</Property>
 <Property name="Numero di pagine bloccate per tipo di pagina" id="10065" index="35" type="4">0</Property>
 <Property name="Numero di pagine bloccate per tipo di pagina" id="10065" index="36" type="4">0</Property>
 <Property name="Numero di pagine bloccate per tipo di pagina" id="10065" index="37" type="4">0</Property>
 <Property name="Numero di pagine bloccate per tipo di pagina" id="10065" index="38" type="4">0</Property>
 <Property name="Numero di pagine bloccate per tipo di pagina" id="10065" index="39" type="4">0</Property>
 <Property name="Numero di pagine bloccate per tipo di pagina" id="10065" index="40" type="4">0</Property>
 <Property name="Numero di pagine bloccate per tipo di pagina" id="10065" index="41" type="4">0</Property>
 <Property name="Numero di pagine bloccate per tipo di pagina" id="10065" index="42" type="4">0</Property>
 <Property name="Numero di pagine bloccate per tipo di pagina" id="10065" index="43" type="4">0</Property>
 <Property name="Numero di pagine bloccate per tipo di pagina" id="10065" index="44" type="4">0</Property>
 <Property name="Numero di pagine bloccate per tipo di pagina" id="10065" index="45" type="4">0</Property>
 <Property name="Numero di pagine bloccate per tipo di pagina" id="10065" index="46" type="4">0</Property>
 <Property name="Numero di pagine bloccate per tipo di pagina" id="10065" index="47" type="4">0</Property>
 <Property name="Numero di pagine bloccate per tipo di pagina" id="10065" index="48" type="4">0</Property>
 <Property name="Numero di pagine bloccate per tipo di pagina" id="10065" index="49" type="4">0</Property>
 <Property name="Numero di pagine bloccate per tipo di pagina" id="10065" index="50" type="4">0</Property>
 <Property name="Numero di pagine bloccate per tipo di pagina" id="10065" index="51" type="4">0</Property>
 <Property name="Numero di pagine bloccate per tipo di pagina" id="10065" index="52" type="4">0</Property>
 <Property name="Numero di pagine bloccate per tipo di pagina" id="10065" index="53" type="4">0</Property>
 <Property name="Numero di pagine bloccate per tipo di pagina" id="10065" index="54" type="4">0</Property>
 <Property name="Numero di pagine bloccate per tipo di pagina" id="10065" index="55" type="4">0</Property>
 <Property name="Numero di pagine bloccate per tipo di pagina" id="10065" index="56" type="4">0</Property>
 <Property name="Numero di pagine bloccate per tipo di pagina" id="10065" index="57" type="4">0</Property>
 <Property name="Numero di pagine bloccate per tipo di pagina" id="10065" index="58" type="4">0</Property>
 <Property name="Numero di pagine bloccate per tipo di pagina" id="10065" index="59" type="4">0</Property>
 <Property name="Numero di pagine bloccate per tipo di pagina" id="10065" index="60" type="4">0</Property>
 <Property name="Numero di pagine bloccate per tipo di pagina" id="10065" index="61" type="4">0</Property>
 <Property name="Numero di pagine bloccate per tipo di pagina" id="10065" index="62" type="4">0</Property>
 <Property name="Numero di pagine bloccate per tipo di pagina" id="10065" index="63" type="4">0</Property>
 <Property name="Progetto: Modello" id="10069" index="0" type="7">IEC_bas001_Dieffe_new5.zw9</Property>
 <Property name="Formato nome per pagine" id="10070" index="0" type="7">&lt;10002&gt;&lt;10004&gt;&lt;10006&gt;&lt;11012&gt;&lt;11013&gt;</Property>
 <Property name="Formato nome per punti di interruzione" id="10071" index="0" type="7">&lt;10002&gt;&lt;10004&gt;&lt;20012&gt;&lt;20013&gt;&lt;20014&gt;&lt;20015&gt;</Property>
 <Property name="Internal: Build" id="10072" index="0" type="7">19351</Property>
 <Property name="Formato nome per sbarre collettrici" id="10073" index="0" type="7">&lt;10002&gt;&lt;10004&gt;&lt;20012&gt;&lt;20013&gt;&lt;20014&gt;&lt;20015&gt;&lt;20016&gt;&lt;20017&gt;&lt;20018&gt;&lt;20019&gt;</Property>
 <Property name="Formato nome di livello superiore per tutti gli elementi funzionali" id="10074" index="0" type="7">&lt;10002&gt;&lt;10004&gt;&lt;10005&gt;&lt;20012&gt;&lt;20013&gt;&lt;20014&gt;&lt;20015&gt;&lt;20016&gt;&lt;20017&gt;&lt;20018&gt;&lt;20019&gt;</Property>
 <Property name="Formato nome per elementi funzionali" id="10075" index="0" type="7">&lt;10002&gt;&lt;10004&gt;&lt;20012&gt;&lt;20013&gt;&lt;20014&gt;&lt;20015&gt;&lt;20016&gt;&lt;20017&gt;&lt;20018&gt;&lt;20019&gt;</Property>
 <Property name="Formato nome per cassette di apparecchiatura" id="10076" index="0" type="7">&lt;10002&gt;&lt;10004&gt;&lt;20012&gt;&lt;20013&gt;&lt;20014&gt;&lt;20015&gt;&lt;20016&gt;&lt;20017&gt;&lt;20018&gt;&lt;20019&gt;</Property>
 <Property name="Formato dei nomi per ingegneria PLC o bus" id="10077" index="0" type="7">&lt;10002&gt;&lt;10004&gt;&lt;20012&gt;&lt;20013&gt;&lt;20014&gt;&lt;20015&gt;&lt;20016&gt;&lt;20017&gt;&lt;20018&gt;&lt;20019&gt;</Property>
 <Property name="Formato nome per morsettiere" id="10079" index="0" type="7">&lt;10002&gt;&lt;10004&gt;&lt;20012&gt;&lt;20013&gt;&lt;20014&gt;&lt;20015&gt;&lt;20016&gt;&lt;20017&gt;&lt;20018&gt;&lt;20019&gt;</Property>
 <Property name="Formato nome per connettori" id="10080" index="0" type="7">&lt;10002&gt;&lt;10004&gt;&lt;20012&gt;&lt;20013&gt;&lt;20014&gt;&lt;20015&gt;&lt;20016&gt;&lt;20017&gt;&lt;20018&gt;&lt;20019&gt;</Property>
 <Property name="Formato nome per cavi" id="10081" index="0" type="7">&lt;10002&gt;&lt;10004&gt;&lt;20012&gt;&lt;20013&gt;&lt;20014&gt;&lt;20015&gt;&lt;20016&gt;&lt;20017&gt;&lt;20018&gt;&lt;20019&gt;</Property>
 <Property name="Formato nome per cassette di struttura" id="10082" index="0" type="7">&lt;10002&gt;&lt;10004&gt;&lt;10005&gt;&lt;20012&gt;&lt;20013&gt;&lt;20014&gt;&lt;20015&gt;&lt;20016&gt;&lt;20017&gt;&lt;20018&gt;&lt;20019&gt;</Property>
 <Property name="Formato nome per elemento funzionale fluidico" id="10083" index="0" type="7">&lt;10005&gt;&lt;20012&gt;&lt;20013&gt;&lt;20014&gt;&lt;20015&gt;&lt;20016&gt;&lt;20017&gt;&lt;20018&gt;&lt;20019&gt;</Property>
 <Property name="Formato del nome per accoppiatori / ripartitori linee e fluidi" id="10084" index="0" type="7">&lt;20012&gt;&lt;20013&gt;&lt;20014&gt;&lt;20015&gt;&lt;20016&gt;&lt;20017&gt;&lt;20018&gt;&lt;20019&gt;</Property>
 <Property name="Formato struttura elemento funzionale meccanico" id="10085" index="0" type="7">&lt;10002&gt;&lt;10004&gt;&lt;20012&gt;&lt;20013&gt;&lt;20014&gt;&lt;20015&gt;&lt;20016&gt;&lt;20017&gt;&lt;20018&gt;&lt;20019&gt;</Property>
 <Property name="Formato nomi elemento funzionale meccanico" id="10086" index="0" type="7">&lt;10002&gt;&lt;10004&gt;&lt;20012&gt;&lt;20013&gt;&lt;20014&gt;&lt;20015&gt;&lt;20016&gt;&lt;20017&gt;&lt;20018&gt;&lt;20019&gt;</Property>
 <Property name="Internal: Highest used EPLAN build number" id="10087" index="0" type="4">19351</Property>
 <Property name="Internal: Highest used EPLAN version" id="10088" index="0" type="7">2023.0.3.19351</Property>
 <Property name="Sequenza delle strutture di progetto nel nome pagina" id="10089" index="0" type="7">&lt;10001&gt;&lt;10002&gt;&lt;10003&gt;&lt;10004&gt;&lt;10005&gt;&lt;10007&gt;&lt;10006&gt;</Property>
 <Property name="Modifica SEF nei singoli campi" id="10090" index="0" type="1">0</Property>
 <Property name="Sequenza di proprietà singole SEF" id="10091" index="0" type="7"/>
 <Property name="Layout della struttura ad albero nell&apos;albero pagine" id="10092" index="0" type="7">3&#9;11017&#9;0&#9;0&#9;10002&#9;0&#9;1&#9;10004&#9;0&#9;1&#9;10006&#9;0&#9;1</Property>
 <Property name="Visualizza identificativi descrittivi nell&apos;albero pagine" id="10093" index="0" type="1">0</Property>
 <Property name="Layout della struttura ad albero nei navigatori elenco dispositivi" id="10094" index="0" type="7">3&#9;10002&#9;0&#9;1&#9;10004&#9;0&#9;1&#9;10005&#9;0&#9;1&#9;20012&#9;0&#9;0&#9;20013&#9;0&#9;0&#9;20014&#9;0&#9;0&#9;20015&#9;0&#9;0</Property>
 <Property name="Visualizza identificativi descrittivi nei navigatori elenco dispositivi" id="10095" index="0" type="1">0</Property>
 <Property name="Indice revisione massimo (da tracking modifiche)" id="10098" index="0" type="7"/>
 <Property name="Cliente: Nome 1" id="10102" index="0" type="7">Cliente</Property>
 <Property name="Internal: Informations about project upgrades done and corrections processed" id="10118" index="1" type="7">12953&#9;14841&#9;EsProjectCorrectionUserDefinedPropertiesTranslation&#9;EsProjectCorrectionPropertyArticleAssignment</Property>
 <Property name="Revisione: Nome progetto originario" id="10149" index="0" type="7"/>
 <Property name="ID progetto univoco" id="10184" index="0" type="7">Progetto_vuoto_test@1609762741</Property>
 <Property name="Numero licenza dongle" id="10185" index="0" type="7">EPLSNMRWFK</Property>
 <Property name="Numero pagine per tipo pagina" id="10200" index="1" type="4">1</Property>
 <Property name="Numero pagine per tipo pagina" id="10200" index="2" type="4">0</Property>
 <Property name="Numero pagine per tipo pagina" id="10200" index="3" type="4">0</Property>
 <Property name="Numero pagine per tipo pagina" id="10200" index="4" type="4">0</Property>
 <Property name="Numero pagine per tipo pagina" id="10200" index="5" type="4">0</Property>
 <Property name="Numero pagine per tipo pagina" id="10200" index="6" type="4">0</Property>
 <Property name="Numero pagine per tipo pagina" id="10200" index="7" type="4">0</Property>
 <Property name="Numero pagine per tipo pagina" id="10200" index="8" type="4">0</Property>
 <Property name="Numero pagine per tipo pagina" id="10200" index="9" type="4">0</Property>
 <Property name="Numero pagine per tipo pagina" id="10200" index="10" type="4">0</Property>
 <Property name="Numero pagine per tipo pagina" id="10200" index="11" type="4">0</Property>
 <Property name="Numero pagine per tipo pagina" id="10200" index="12" type="4">0</Property>
 <Property name="Numero pagine per tipo pagina" id="10200" index="13" type="4">0</Property>
 <Property name="Numero pagine per tipo pagina" id="10200" index="14" type="4">0</Property>
 <Property name="Numero pagine per tipo pagina" id="10200" index="15" type="4">0</Property>
 <Property name="Numero pagine per tipo pagina" id="10200" index="16" type="4">0</Property>
 <Property name="Numero pagine per tipo pagina" id="10200" index="17" type="4">0</Property>
 <Property name="Numero pagine per tipo pagina" id="10200" index="18" type="4">0</Property>
 <Property name="Numero pagine per tipo pagina" id="10200" index="19" type="4">0</Property>
 <Property name="Numero pagine per tipo pagina" id="10200" index="20" type="4">0</Property>
 <Property name="Numero pagine per tipo pagina" id="10200" index="21" type="4">0</Property>
 <Property name="Numero pagine per tipo pagina" id="10200" index="22" type="4">0</Property>
 <Property name="Numero pagine per tipo pagina" id="10200" index="23" type="4">0</Property>
 <Property name="Numero pagine per tipo pagina" id="10200" index="24" type="4">0</Property>
 <Property name="Numero pagine per tipo pagina" id="10200" index="25" type="4">0</Property>
 <Property name="Numero pagine per tipo pagina" id="10200" index="26" type="4">0</Property>
 <Property name="Numero pagine per tipo pagina" id="10200" index="27" type="4">0</Property>
 <Property name="Numero pagine per tipo pagina" id="10200" index="28" type="4">0</Property>
 <Property name="Numero pagine per tipo pagina" id="10200" index="29" type="4">0</Property>
 <Property name="Numero pagine per tipo pagina" id="10200" index="30" type="4">0</Property>
 <Property name="Numero pagine per tipo pagina" id="10200" index="31" type="4">0</Property>
 <Property name="Numero pagine per tipo pagina" id="10200" index="32" type="4">0</Property>
 <Property name="Numero pagine per tipo pagina" id="10200" index="33" type="4">0</Property>
 <Property name="Numero pagine per tipo pagina" id="10200" index="34" type="4">0</Property>
 <Property name="Numero pagine per tipo pagina" id="10200" index="35" type="4">0</Property>
 <Property name="Numero pagine per tipo pagina" id="10200" index="36" type="4">0</Property>
 <Property name="Numero pagine per tipo pagina" id="10200" index="37" type="4">0</Property>
 <Property name="Numero pagine per tipo pagina" id="10200" index="38" type="4">0</Property>
 <Property name="Numero pagine per tipo pagina" id="10200" index="39" type="4">0</Property>
 <Property name="Numero pagine per tipo pagina" id="10200" index="40" type="4">0</Property>
 <Property name="Numero pagine per tipo pagina" id="10200" index="41" type="4">0</Property>
 <Property name="Numero pagine per tipo pagina" id="10200" index="42" type="4">0</Property>
 <Property name="Numero pagine per tipo pagina" id="10200" index="43" type="4">0</Property>
 <Property name="Numero pagine per tipo pagina" id="10200" index="44" type="4">0</Property>
 <Property name="Numero pagine per tipo pagina" id="10200" index="45" type="4">0</Property>
 <Property name="Numero pagine per tipo pagina" id="10200" index="46" type="4">0</Property>
 <Property name="Numero pagine per tipo pagina" id="10200" index="47" type="4">0</Property>
 <Property name="Numero pagine per tipo pagina" id="10200" index="48" type="4">0</Property>
 <Property name="Numero pagine per tipo pagina" id="10200" index="49" type="4">0</Property>
 <Property name="Numero pagine per tipo pagina" id="10200" index="50" type="4">0</Property>
 <Property name="Numero pagine per tipo pagina" id="10200" index="51" type="4">0</Property>
 <Property name="Numero pagine per tipo pagina" id="10200" index="52" type="4">0</Property>
 <Property name="Numero pagine per tipo pagina" id="10200" index="53" type="4">0</Property>
 <Property name="Numero pagine per tipo pagina" id="10200" index="54" type="4">0</Property>
 <Property name="Numero pagine per tipo pagina" id="10200" index="55" type="4">0</Property>
 <Property name="Numero pagine per tipo pagina" id="10200" index="56" type="4">0</Property>
 <Property name="Numero pagine per tipo pagina" id="10200" index="57" type="4">0</Property>
 <Property name="Numero pagine per tipo pagina" id="10200" index="58" type="4">0</Property>
 <Property name="Numero pagine per tipo pagina" id="10200" index="59" type="4">0</Property>
 <Property name="Numero pagine per tipo pagina" id="10200" index="60" type="4">0</Property>
 <Property name="Numero pagine per tipo pagina" id="10200" index="61" type="4">0</Property>
 <Property name="Numero pagine per tipo pagina" id="10200" index="62" type="4">0</Property>
 <Property name="Numero pagine per tipo pagina" id="10200" index="63" type="4">0</Property>
 <Property name="Autore: Titolo" id="10231" index="0" type="7">Firma</Property>
 <Property name="Autore: Nome 1" id="10232" index="0" type="7">Cristian Marrone</Property>
 <Property name="Autore: Via" id="10235" index="0" type="7">C.da Ripoli - Zona Artiglianale</Property>
 <Property name="Autore: CAP (residenza)" id="10237" index="0" type="7">64023</Property>
 <Property name="Autore: Residenza" id="10238" index="0" type="7">Mosciano S. Angelo (TE)</Property>
 <Property name="Autore: Paese" id="10239" index="0" type="7">Italy</Property>
 <Property name="Autore: Telefono" id="10240" index="0" type="7">(+39) 085 8071368</Property>
 <Property name="Ultima data modifica per tipo pagina" id="10250" index="1" type="14">1650957355</Property>
 <Property name="Ultima data modifica per tipo pagina" id="10250" index="2" type="14"/>
 <Property name="Ultima data modifica per tipo pagina" id="10250" index="3" type="14"/>
 <Property name="Ultima data modifica per tipo pagina" id="10250" index="4" type="14"/>
 <Property name="Ultima data modifica per tipo pagina" id="10250" index="5" type="14"/>
 <Property name="Ultima data modifica per tipo pagina" id="10250" index="6" type="14"/>
 <Property name="Ultima data modifica per tipo pagina" id="10250" index="7" type="14"/>
 <Property name="Ultima data modifica per tipo pagina" id="10250" index="8" type="14"/>
 <Property name="Ultima data modifica per tipo pagina" id="10250" index="9" type="14"/>
 <Property name="Ultima data modifica per tipo pagina" id="10250" index="10" type="14"/>
 <Property name="Ultima data modifica per tipo pagina" id="10250" index="11" type="14"/>
 <Property name="Ultima data modifica per tipo pagina" id="10250" index="12" type="14"/>
 <Property name="Ultima data modifica per tipo pagina" id="10250" index="13" type="14"/>
 <Property name="Ultima data modifica per tipo pagina" id="10250" index="14" type="14"/>
 <Property name="Ultima data modifica per tipo pagina" id="10250" index="15" type="14"/>
 <Property name="Ultima data modifica per tipo pagina" id="10250" index="16" type="14"/>
 <Property name="Ultima data modifica per tipo pagina" id="10250" index="17" type="14"/>
 <Property name="Ultima data modifica per tipo pagina" id="10250" index="18" type="14"/>
 <Property name="Ultima data modifica per tipo pagina" id="10250" index="19" type="14"/>
 <Property name="Ultima data modifica per tipo pagina" id="10250" index="20" type="14"/>
 <Property name="Ultima data modifica per tipo pagina" id="10250" index="21" type="14"/>
 <Property name="Ultima data modifica per tipo pagina" id="10250" index="22" type="14"/>
 <Property name="Ultima data modifica per tipo pagina" id="10250" index="23" type="14"/>
 <Property name="Ultima data modifica per tipo pagina" id="10250" index="24" type="14"/>
 <Property name="Ultima data modifica per tipo pagina" id="10250" index="25" type="14"/>
 <Property name="Ultima data modifica per tipo pagina" id="10250" index="26" type="14"/>
 <Property name="Ultima data modifica per tipo pagina" id="10250" index="27" type="14"/>
 <Property name="Ultima data modifica per tipo pagina" id="10250" index="28" type="14"/>
 <Property name="Ultima data modifica per tipo pagina" id="10250" index="29" type="14"/>
 <Property name="Ultima data modifica per tipo pagina" id="10250" index="30" type="14"/>
 <Property name="Ultima data modifica per tipo pagina" id="10250" index="31" type="14"/>
 <Property name="Ultima data modifica per tipo pagina" id="10250" index="32" type="14"/>
 <Property name="Ultima data modifica per tipo pagina" id="10250" index="33" type="14"/>
 <Property name="Ultima data modifica per tipo pagina" id="10250" index="34" type="14"/>
 <Property name="Ultima data modifica per tipo pagina" id="10250" index="35" type="14"/>
 <Property name="Ultima data modifica per tipo pagina" id="10250" index="36" type="14"/>
 <Property name="Ultima data modifica per tipo pagina" id="10250" index="37" type="14"/>
 <Property name="Ultima data modifica per tipo pagina" id="10250" index="38" type="14"/>
 <Property name="Ultima data modifica per tipo pagina" id="10250" index="39" type="14"/>
 <Property name="Ultima data modifica per tipo pagina" id="10250" index="40" type="14"/>
 <Property name="Ultima data modifica per tipo pagina" id="10250" index="41" type="14"/>
 <Property name="Ultima data modifica per tipo pagina" id="10250" index="42" type="14"/>
 <Property name="Ultima data modifica per tipo pagina" id="10250" index="43" type="14"/>
 <Property name="Ultima data modifica per tipo pagina" id="10250" index="44" type="14"/>
 <Property name="Ultima data modifica per tipo pagina" id="10250" index="45" type="14"/>
 <Property name="Ultima data modifica per tipo pagina" id="10250" index="46" type="14"/>
 <Property name="Ultima data modifica per tipo pagina" id="10250" index="47" type="14"/>
 <Property name="Ultima data modifica per tipo pagina" id="10250" index="48" type="14"/>
 <Property name="Ultima data modifica per tipo pagina" id="10250" index="49" type="14"/>
 <Property name="Ultima data modifica per tipo pagina" id="10250" index="50" type="14"/>
 <Property name="Ultima data modifica per tipo pagina" id="10250" index="51" type="14"/>
 <Property name="Ultima data modifica per tipo pagina" id="10250" index="52" type="14"/>
 <Property name="Ultima data modifica per tipo pagina" id="10250" index="53" type="14"/>
 <Property name="Ultima data modifica per tipo pagina" id="10250" index="54" type="14"/>
 <Property name="Ultima data modifica per tipo pagina" id="10250" index="55" type="14"/>
 <Property name="Ultima data modifica per tipo pagina" id="10250" index="56" type="14"/>
 <Property name="Ultima data modifica per tipo pagina" id="10250" index="57" type="14"/>
 <Property name="Ultima data modifica per tipo pagina" id="10250" index="58" type="14"/>
 <Property name="Ultima data modifica per tipo pagina" id="10250" index="59" type="14"/>
 <Property name="Ultima data modifica per tipo pagina" id="10250" index="60" type="14"/>
 <Property name="Ultima data modifica per tipo pagina" id="10250" index="61" type="14"/>
 <Property name="Ultima data modifica per tipo pagina" id="10250" index="62" type="14"/>
 <Property name="Ultima data modifica per tipo pagina" id="10250" index="63" type="14"/>
 <Property name="Ultima ora modifica per tipo pagina" id="10251" index="1" type="7">09:15:55</Property>
 <Property name="Ultima ora modifica per tipo pagina" id="10251" index="2" type="7"/>
 <Property name="Ultima ora modifica per tipo pagina" id="10251" index="3" type="7"/>
 <Property name="Ultima ora modifica per tipo pagina" id="10251" index="4" type="7"/>
 <Property name="Ultima ora modifica per tipo pagina" id="10251" index="5" type="7"/>
 <Property name="Ultima ora modifica per tipo pagina" id="10251" index="6" type="7"/>
 <Property name="Ultima ora modifica per tipo pagina" id="10251" index="7" type="7"/>
 <Property name="Ultima ora modifica per tipo pagina" id="10251" index="8" type="7"/>
 <Property name="Ultima ora modifica per tipo pagina" id="10251" index="9" type="7"/>
 <Property name="Ultima ora modifica per tipo pagina" id="10251" index="10" type="7"/>
 <Property name="Ultima ora modifica per tipo pagina" id="10251" index="11" type="7"/>
 <Property name="Ultima ora modifica per tipo pagina" id="10251" index="12" type="7"/>
 <Property name="Ultima ora modifica per tipo pagina" id="10251" index="13" type="7"/>
 <Property name="Ultima ora modifica per tipo pagina" id="10251" index="14" type="7"/>
 <Property name="Ultima ora modifica per tipo pagina" id="10251" index="15" type="7"/>
 <Property name="Ultima ora modifica per tipo pagina" id="10251" index="16" type="7"/>
 <Property name="Ultima ora modifica per tipo pagina" id="10251" index="17" type="7"/>
 <Property name="Ultima ora modifica per tipo pagina" id="10251" index="18" type="7"/>
 <Property name="Ultima ora modifica per tipo pagina" id="10251" index="19" type="7"/>
 <Property name="Ultima ora modifica per tipo pagina" id="10251" index="20" type="7"/>
 <Property name="Ultima ora modifica per tipo pagina" id="10251" index="21" type="7"/>
 <Property name="Ultima ora modifica per tipo pagina" id="10251" index="22" type="7"/>
 <Property name="Ultima ora modifica per tipo pagina" id="10251" index="23" type="7"/>
 <Property name="Ultima ora modifica per tipo pagina" id="10251" index="24" type="7"/>
 <Property name="Ultima ora modifica per tipo pagina" id="10251" index="25" type="7"/>
 <Property name="Ultima ora modifica per tipo pagina" id="10251" index="26" type="7"/>
 <Property name="Ultima ora modifica per tipo pagina" id="10251" index="27" type="7"/>
 <Property name="Ultima ora modifica per tipo pagina" id="10251" index="28" type="7"/>
 <Property name="Ultima ora modifica per tipo pagina" id="10251" index="29" type="7"/>
 <Property name="Ultima ora modifica per tipo pagina" id="10251" index="30" type="7"/>
 <Property name="Ultima ora modifica per tipo pagina" id="10251" index="31" type="7"/>
 <Property name="Ultima ora modifica per tipo pagina" id="10251" index="32" type="7"/>
 <Property name="Ultima ora modifica per tipo pagina" id="10251" index="33" type="7"/>
 <Property name="Ultima ora modifica per tipo pagina" id="10251" index="34" type="7"/>
 <Property name="Ultima ora modifica per tipo pagina" id="10251" index="35" type="7"/>
 <Property name="Ultima ora modifica per tipo pagina" id="10251" index="36" type="7"/>
 <Property name="Ultima ora modifica per tipo pagina" id="10251" index="37" type="7"/>
 <Property name="Ultima ora modifica per tipo pagina" id="10251" index="38" type="7"/>
 <Property name="Ultima ora modifica per tipo pagina" id="10251" index="39" type="7"/>
 <Property name="Ultima ora modifica per tipo pagina" id="10251" index="40" type="7"/>
 <Property name="Ultima ora modifica per tipo pagina" id="10251" index="41" type="7"/>
 <Property name="Ultima ora modifica per tipo pagina" id="10251" index="42" type="7"/>
 <Property name="Ultima ora modifica per tipo pagina" id="10251" index="43" type="7"/>
 <Property name="Ultima ora modifica per tipo pagina" id="10251" index="44" type="7"/>
 <Property name="Ultima ora modifica per tipo pagina" id="10251" index="45" type="7"/>
 <Property name="Ultima ora modifica per tipo pagina" id="10251" index="46" type="7"/>
 <Property name="Ultima ora modifica per tipo pagina" id="10251" index="47" type="7"/>
 <Property name="Ultima ora modifica per tipo pagina" id="10251" index="48" type="7"/>
 <Property name="Ultima ora modifica per tipo pagina" id="10251" index="49" type="7"/>
 <Property name="Ultima ora modifica per tipo pagina" id="10251" index="50" type="7"/>
 <Property name="Numero totale pagine" id="10300" index="0" type="4">1</Property>
 <Property name="Pagine specificate" id="10301" index="0" type="4">1</Property>
 <Property name="Pagine di valutazione generate" id="10302" index="0" type="4">0</Property>
 <Property name="Stato progetto" id="10303" index="0" type="7">11&#9;1&#9;Morsetti&#9;1592572699&#9;2.8.3.12928&#9;Standard&#9;0&#9;1&#9;0&#9;2&#9;Connettori&#9;1592572699&#9;2.8.3.12928&#9;Standard&#9;0&#9;0&#9;0&#9;3&#9;Cavi&#9;1592572699&#9;2.8.3.12928&#9;Standard&#9;0&#9;0&#9;0&#9;4&#9;PLC/Bus&#9;1592572699&#9;2.8.3.12928&#9;Standard&#9;0&#9;0&#9;0&#9;5&#9;Collegamenti&#9;1592572699&#9;2.8.3.12928&#9;Standard&#9;13&#9;1&#9;0&#9;7&#9;Dispositivi&#9;1592572699&#9;2.8.3.12928&#9;Standard&#9;0&#9;0&#9;0&#9;8&#9;Lingue straniere&#9;&#9;&#9;&#9;0&#9;0&#9;0&#9;10&#9;Riferimenti incrociati&#9;1592572699&#9;2.8.3.12928&#9;Standard&#9;0&#9;0&#9;0&#9;11&#9;Punti di interruzione&#9;1592572699&#9;2.8.3.12928&#9;Standard&#9;0&#9;0&#9;0&#9;12&#9;Layout armadio elettrico 2D&#9;&#9;&#9;&#9;0&#9;0&#9;0&#9;13&#9;Dati articolo&#9;&#9;&#9;&#9;0&#9;0&#9;0&#9;14&#9;Macro&#9;&#9;&#9;&#9;0&#9;0&#9;0&#9;15&#9;Valutazioni&#9;1592572699&#9;2.8.3.12928&#9;Standard&#9;0&#9;0&#9;0&#9;16&#9;Cassette di apparecchiatura&#9;1592572699&#9;2.8.3.12928&#9;Standard&#9;0&#9;0&#9;0&#9;17&#9;SEF&#9;1592572699&#9;2.8.3.12928&#9;Standard&#9;0&#9;0&#9;0&#9;18&#9;Importazione dati EPLAN 5&#9;&#9;&#9;&#9;0&#9;0&#9;0&#9;19&#9;Importazione dati EPLAN 21&#9;&#9;&#9;&#9;0&#9;0&#9;0&#9;20&#9;Confronto progetti&#9;&#9;&#9;&#9;0&#9;0&#9;0&#9;21&#9;Oggetti segnaposto&#9;&#9;&#9;&#9;0&#9;0&#9;0&#9;22&#9;Altro&#9;1592572699&#9;2.8.3.12928&#9;Standard&#9;0&#9;0&#9;13&#9;24&#9;Fluido&#9;&#9;&#9;&#9;0&#9;0&#9;0&#9;25&#9;Impostazioni progetto&#9;&#9;&#9;&#9;0&#9;0&#9;0&#9;26&#9;Layout 3D&#9;&#9;&#9;&#9;0&#9;0&#9;0&#9;27&#9;Topologia&#9;&#9;&#9;&#9;0&#9;0&#9;0&#9;28&#9;Progettazione preliminare&#9;&#9;&#9;&#9;0&#9;0&#9;0&#9;29&#9;Profondità della progettazione preliminare&#9;&#9;&#9;&#9;0&#9;0&#9;0&#9;30&#9;Progetti parziali&#9;&#9;&#9;&#9;0&#9;0&#9;0&#9;32&#9;Schema foratura&#9;&#9;&#9;&#9;0&#9;0&#9;0&#9;33&#9;Cavo preassemblato&#9;&#9;&#9;&#9;0&#9;0&#9;0&#9;501&#9;Dati di base articolo&#9;&#9;&#9;&#9;0&#9;0&#9;0&#9;999&#9;Esterno&#9;&#9;&#9;&#9;0&#9;0&#9;0</Property>
 <Property name="Numero ambienti 3D" id="10304" index="0" type="4">10</Property>
 <Property name="Configurazione termica: Tensione" id="10310" index="0" type="4">7</Property>
 <Property name="Configurazione termica: Frequenza" id="10311" index="0" type="4">1</Property>
 <Property name="Configurazione termica: Fattore di simultaneità" id="10312" index="0" type="6">1</Property>
 <Property name="Internal: Page format name" id="10400" index="0" type="15">##_##@1499/SchemeDataProject;??_??@Higher-level function mounting location document type;</Property>
 <Property name="Internal: Interruption point format name" id="10401" index="0" type="15">##_##@703/SchemeDataProject;</Property>
 <Property name="Internal: Busbar format name" id="10403" index="0" type="15">##_##@703/SchemeDataProject;</Property>
 <Property name="Internal: Standard device format name" id="10405" index="0" type="15">##_##@703/SchemeDataProject;</Property>
 <Property name="Internal: Device box format name" id="10406" index="0" type="15">##_##@703/SchemeDataProject;</Property>
 <Property name="Internal: PLC format name" id="10407" index="0" type="15">##_##@703/SchemeDataProject;</Property>
 <Property name="Internal: Terminal strip format name" id="10409" index="0" type="15">##_##@703/SchemeDataProject;</Property>
 <Property name="Internal: Plug format name" id="10410" index="0" type="15">##_##@703/SchemeDataProject;</Property>
 <Property name="Internal: Cable format name" id="10411" index="0" type="15">##_##@703/SchemeDataProject;</Property>
 <Property name="Internal: Fluid format name" id="10412" index="0" type="15">##_##@707/SchemeDataProject;</Property>
 <Property name="Internal: Distributor format name" id="10413" index="0" type="15">##_##@717/SchemeDataProject;</Property>
 <Property name="Internal: Mechanic format name" id="10414" index="0" type="15">##_##@703/SchemeDataProject;</Property>
 <Property name="Internal: Page format description" id="10420" index="0" type="15">##_##@1500/SchemeDataProject;??_??@Higher-level function, mounting location and document type  (identifying);</Property>
 <Property name="Internal: Interruption point format description" id="10421" index="0" type="15">##_##@703/SchemeDataProject;</Property>
 <Property name="Internal: Busbar format description" id="10423" index="0" type="15">##_##@703/SchemeDataProject;</Property>
 <Property name="Internal: Standard device format description" id="10425" index="0" type="15">##_##@703/SchemeDataProject;</Property>
 <Property name="Internal: Device box format description" id="10426" index="0" type="15">##_##@703/SchemeDataProject;</Property>
 <Property name="Internal: PLC format description" id="10427" index="0" type="15">##_##@703/SchemeDataProject;</Property>
 <Property name="Internal: Terminal strip format description" id="10429" index="0" type="15">##_##@703/SchemeDataProject;</Property>
 <Property name="Internal: Plug format description" id="10430" index="0" type="15">##_##@703/SchemeDataProject;</Property>
 <Property name="Internal: Cable format description" id="10431" index="0" type="15">##_##@703/SchemeDataProject;</Property>
 <Property name="Internal: Fluid format description" id="10432" index="0" type="15">##_##@707/SchemeDataProject;</Property>
 <Property name="Internal: Distributor format description" id="10433" index="0" type="15">##_##@717/SchemeDataProject;</Property>
 <Property name="Internal: Mechanic format description" id="10434" index="0" type="15">##_##@703/SchemeDataProject;</Property>
 <Property name="Posiziona tipo documentazione all&apos;inizio del nome pagina " id="10450" index="0" type="1">0</Property>
 <Property name="Lingua di origine" id="10500" index="0" type="4">53</Property>
 <Property name="Backup dati: Backup completo" id="10510" index="0" type="1">1</Property>
 <Property name="Backup dati: Backup documenti esterni" id="10511" index="0" type="1">1</Property>
 <Property name="Backup dati: Backup file immagine" id="10512" index="0" type="1">1</Property>
 <Property name="Backup dati: Riorganizza progetto" id="10513" index="0" type="1">0</Property>
 <Property name="Backup dati: Metodo" id="10514" index="0" type="4">0</Property>
 <Property name="Backup dati: Supporto backup" id="10515" index="0" type="4">0</Property>
 <Property name="Backup dati: Dimensioni singola e-mail in MB" id="10516" index="0" type="6">0</Property>
 <Property name="Backup dati: Directory backup" id="10517" index="0" type="7">D:\26-02-2024_14-18</Property>
 <Property name="Internal: Use defined working sections" id="10530" index="0" type="1">0</Property>
 <Property name="Proprietà blocco: formato (punto di interruzione)" id="10609" index="5" type="7">[20221&lt;20010,0,0,0,0,0,0,0,0,de_DE,0,0,0,0,0,0&gt;]-[20222,1&lt;4&lt;11037,0,0,0,0,0,0,0,0,de_DE,0,0,0,0,0,5&gt;&gt;][20222,1&lt;4&lt;11042,0,0,0,0,0,0,0,0,de_DE,0,0,0,0,0,0&gt;&gt;]-[20222,1&lt;20221&lt;19006,0,0,0,0,0,0,0,0,de_DE,0,0,0,0,0,0&gt;&gt;]/[20222,1&lt;20221&lt;19005,0,0,0,0,0,0,0,0,de_DE,0,0,0,0,0,0&gt;&gt;]</Property>
 <Property name="Proprietà blocco: testo sostitutivo" id="10660" index="1" type="7">=│??_??@Matricola;│??_??@ciao;</Property>
 <Property name="Proprietà blocco: testo sostitutivo" id="10660" index="5" type="7">=│??_??@0;│??_??@E;║=│??_??@2;│??_??@H;║=│??_??@3;│??_??@P;║=│??_??@4;│??_??@C;║=│??_??@5;│??_??@L;║=│??_??@6;│??_??@V;║=│??_??@7;│??_??@F;║=│??_??@8;│??_??@K;║=│??_??@9;│??_??@G;</Property>
 <Property name="Tipo di progetto" id="10902" index="0" type="4">1</Property>
 <Property name="Internal: Number of repair processes of the project object" id="10904" index="0" type="4">0</Property>
 <Property name="Formato indicatori di revisione (da tracking modifiche)" id="19031" index="0" type="7">[14&lt;10155,1,0,0,0,0,0,0,0,,0,0,,0,0&gt;][LF][14&lt;10157,1,0,0,0,0,0,0,0,,0,0,,0,0&gt;][LF][14&lt;10158,1,0,0,0,0,0,0,0,,0,0,,0,0&gt;]</Property>
 <Property name="Campo aggiuntivo Utente 1" id="40001" index="0" type="15" identname="EPLAN.Project.UserSupplementaryField1" category="1" displaytype="9000">??_??@info@@dfautomazione.com;</Property>
 <Property name="Campo aggiuntivo Utente 2" id="40002" index="0" type="15" identname="EPLAN.Project.UserSupplementaryField2" category="1" displaytype="9000">??_??@www.dfautomazione.com;</Property>
 <Property name="Campo aggiuntivo Utente 3" id="40003" index="0" type="15" identname="EPLAN.Project.UserSupplementaryField3" category="1" displaytype="9000">??_??@/ A;</Property>
 <Property name="Campo aggiuntivo Utente 4" id="40004" index="0" type="15" identname="EPLAN.Project.UserSupplementaryField4" category="1" displaytype="9000">??_??@/ Kw;</Property>
 <Property name="Campo aggiuntivo Utente 5" id="40005" index="0" type="15" identname="EPLAN.Project.UserSupplementaryField5" category="1" displaytype="9000">??_??@Codice macchina;</Property>
 <Property name="Campo aggiuntivo Utente 6" id="40006" index="0" type="15" identname="EPLAN.Project.UserSupplementaryField6" category="1" displaytype="9000">??_??@Matricola;</Property>
 <Property name="Campo aggiuntivo Utente 7" id="40007" index="0" type="15" identname="EPLAN.Project.UserSupplementaryField7" category="1" displaytype="9000"/>
 <Property name="Campo aggiuntivo Utente 8" id="40008" index="0" type="15" identname="EPLAN.Project.UserSupplementaryField8" category="1" displaytype="9000"/>
 <Property name="Campo aggiuntivo Utente 9" id="40009" index="0" type="15" identname="EPLAN.Project.UserSupplementaryField9" category="1" displaytype="9000"/>
 <Property name="Campo aggiuntivo Utente 10" id="40010" index="0" type="15" identname="EPLAN.Project.UserSupplementaryField10" category="1" displaytype="9000"/>
 <Property name="Campo aggiuntivo Utente 11" id="40011" index="0" type="15" identname="EPLAN.Project.UserSupplementaryField11" category="1" displaytype="9000"/>
 <Property name="Campo aggiuntivo Utente 12" id="40012" index="0" type="15" identname="EPLAN.Project.UserSupplementaryField12" category="1" displaytype="9000"/>
 <Property name="Campo aggiuntivo Utente 13" id="40013" index="0" type="15" identname="EPLAN.Project.UserSupplementaryField13" category="1" displaytype="9000"/>
 <Property name="Campo aggiuntivo Utente 14" id="40014" index="0" type="15" identname="EPLAN.Project.UserSupplementaryField14" category="1" displaytype="9000"/>
 <Property name="Campo aggiuntivo Utente 15" id="40015" index="0" type="15" identname="EPLAN.Project.UserSupplementaryField15" category="1" displaytype="9000"/>
 <Property name="Campo aggiuntivo Utente 16" id="40016" index="0" type="15" identname="EPLAN.Project.UserSupplementaryField16" category="1" displaytype="9000"/>
 <Property name="Campo aggiuntivo Utente 17" id="40017" index="0" type="15" identname="EPLAN.Project.UserSupplementaryField17" category="1" displaytype="9000"/>
 <Property name="Campo aggiuntivo Utente 18" id="40018" index="0" type="15" identname="EPLAN.Project.UserSupplementaryField18" category="1" displaytype="9000"/>
 <Property name="Campo aggiuntivo Utente 19" id="40019" index="0" type="15" identname="EPLAN.Project.UserSupplementaryField19" category="1" displaytype="9000"/>
 <Property name="Campo aggiuntivo Utente 20" id="40020" index="0" type="15" identname="EPLAN.Project.UserSupplementaryField20" category="1" displaytype="9000"/>
 <Property name="Campo aggiuntivo Utente 21" id="40021" index="0" type="15" identname="EPLAN.Project.UserSupplementaryField21" category="1" displaytype="9000"/>
 <Property name="Campo aggiuntivo Utente 22" id="40022" index="0" type="15" identname="EPLAN.Project.UserSupplementaryField22" category="1" displaytype="9000"/>
 <Property name="Campo aggiuntivo Utente 23" id="40023" index="0" type="15" identname="EPLAN.Project.UserSupplementaryField23" category="1" displaytype="9000"/>
 <Property name="Campo aggiuntivo Utente 24" id="40024" index="0" type="15" identname="EPLAN.Project.UserSupplementaryField24" category="1" displaytype="9000"/>
 <Property name="Campo aggiuntivo Utente 25" id="40025" index="0" type="15" identname="EPLAN.Project.UserSupplementaryField25" category="1" displaytype="9000"/>
 <Property name="Campo aggiuntivo Utente 26" id="40026" index="0" type="15" identname="EPLAN.Project.UserSupplementaryField26" category="1" displaytype="9000"/>
 <Property name="Campo aggiuntivo Utente 27" id="40027" index="0" type="15" identname="EPLAN.Project.UserSupplementaryField27" category="1" displaytype="9000"/>
 <Property name="Campo aggiuntivo Utente 28" id="40028" index="0" type="15" identname="EPLAN.Project.UserSupplementaryField28" category="1" displaytype="9000"/>
 <Property name="Campo aggiuntivo Utente 29" id="40029" index="0" type="15" identname="EPLAN.Project.UserSupplementaryField29" category="1" displaytype="9000"/>
 <Property name="Campo aggiuntivo Utente 30" id="40030" index="0" type="15" identname="EPLAN.Project.UserSupplementaryField30" category="1" displaytype="9000"/>
 <Property name="Campo aggiuntivo Utente 31" id="40031" index="0" type="15" identname="EPLAN.Project.UserSupplementaryField31" category="1" displaytype="9000"/>
 <Property name="Campo aggiuntivo Utente 32" id="40032" index="0" type="15" identname="EPLAN.Project.UserSupplementaryField32" category="1" displaytype="9000"/>
 <Property name="Campo aggiuntivo Utente 33" id="40033" index="0" type="15" identname="EPLAN.Project.UserSupplementaryField33" category="1" displaytype="9000"/>
 <Property name="Campo aggiuntivo Utente 34" id="40034" index="0" type="15" identname="EPLAN.Project.UserSupplementaryField34" category="1" displaytype="9000"/>
 <Property name="Campo aggiuntivo Utente 35" id="40035" index="0" type="15" identname="EPLAN.Project.UserSupplementaryField35" category="1" displaytype="9000"/>
 <Property name="Campo aggiuntivo Utente 36" id="40036" index="0" type="15" identname="EPLAN.Project.UserSupplementaryField36" category="1" displaytype="9000"/>
 <Property name="Campo aggiuntivo Utente 37" id="40037" index="0" type="15" identname="EPLAN.Project.UserSupplementaryField37" category="1" displaytype="9000"/>
 <Property name="Campo aggiuntivo Utente 38" id="40038" index="0" type="15" identname="EPLAN.Project.UserSupplementaryField38" category="1" displaytype="9000"/>
 <Property name="Campo aggiuntivo Utente 39" id="40039" index="0" type="15" identname="EPLAN.Project.UserSupplementaryField39" category="1" displaytype="9000"/>
 <Property name="Campo aggiuntivo Utente 40" id="40040" index="0" type="15" identname="EPLAN.Project.UserSupplementaryField40" category="1" displaytype="9000"/>
 <Property name="Campo aggiuntivo Utente 41" id="40041" index="0" type="15" identname="EPLAN.Project.UserSupplementaryField41" category="1" displaytype="9000"/>
 <Property name="Campo aggiuntivo Utente 42" id="40042" index="0" type="15" identname="EPLAN.Project.UserSupplementaryField42" category="1" displaytype="9000"/>
 <Property name="Campo aggiuntivo Utente 43" id="40043" index="0" type="15" identname="EPLAN.Project.UserSupplementaryField43" category="1" displaytype="9000"/>
 <Property name="Campo aggiuntivo Utente 44" id="40044" index="0" type="15" identname="EPLAN.Project.UserSupplementaryField44" category="1" displaytype="9000"/>
 <Property name="Campo aggiuntivo Utente 45" id="40045" index="0" type="15" identname="EPLAN.Project.UserSupplementaryField45" category="1" displaytype="9000"/>
 <Property name="Campo aggiuntivo Utente 46" id="40046" index="0" type="15" identname="EPLAN.Project.UserSupplementaryField46" category="1" displaytype="9000"/>
 <Property name="Campo aggiuntivo Utente 47" id="40047" index="0" type="15" identname="EPLAN.Project.UserSupplementaryField47" category="1" displaytype="9000"/>
 <Property name="Campo aggiuntivo Utente 48" id="40048" index="0" type="15" identname="EPLAN.Project.UserSupplementaryField48" category="1" displaytype="9000"/>
 <Property name="Campo aggiuntivo Utente 49" id="40049" index="0" type="15" identname="EPLAN.Project.UserSupplementaryField49" category="1" displaytype="9000"/>
 <Property name="Campo aggiuntivo Utente 50" id="40050" index="0" type="15" identname="EPLAN.Project.UserSupplementaryField50" category="1" displaytype="9000"/>
 <Property name="Campo aggiuntivo Utente 51" id="40051" index="0" type="15" identname="EPLAN.Project.UserSupplementaryField51" category="1" displaytype="9000"/>
 <Property name="Campo aggiuntivo Utente 52" id="40052" index="0" type="15" identname="EPLAN.Project.UserSupplementaryField52" category="1" displaytype="9000"/>
 <Property name="Campo aggiuntivo Utente 53" id="40053" index="0" type="15" identname="EPLAN.Project.UserSupplementaryField53" category="1" displaytype="9000"/>
 <Property name="Campo aggiuntivo Utente 54" id="40054" index="0" type="15" identname="EPLAN.Project.UserSupplementaryField54" category="1" displaytype="9000"/>
 <Property name="Campo aggiuntivo Utente 55" id="40055" index="0" type="15" identname="EPLAN.Project.UserSupplementaryField55" category="1" displaytype="9000"/>
 <Property name="Campo aggiuntivo Utente 56" id="40056" index="0" type="15" identname="EPLAN.Project.UserSupplementaryField56" category="1" displaytype="9000"/>
 <Property name="Campo aggiuntivo Utente 57" id="40057" index="0" type="15" identname="EPLAN.Project.UserSupplementaryField57" category="1" displaytype="9000"/>
 <Property name="Campo aggiuntivo Utente 58" id="40058" index="0" type="15" identname="EPLAN.Project.UserSupplementaryField58" category="1" displaytype="9000"/>
 <Property name="Campo aggiuntivo Utente 59" id="40059" index="0" type="15" identname="EPLAN.Project.UserSupplementaryField59" category="1" displaytype="9000"/>
 <Property name="Campo aggiuntivo Utente 60" id="40060" index="0" type="15" identname="EPLAN.Project.UserSupplementaryField60" category="1" displaytype="9000"/>
 <Property name="Campo aggiuntivo Utente 61" id="40061" index="0" type="15" identname="EPLAN.Project.UserSupplementaryField61" category="1" displaytype="9000"/>
 <Property name="Campo aggiuntivo Utente 62" id="40062" index="0" type="15" identname="EPLAN.Project.UserSupplementaryField62" category="1" displaytype="9000"/>
 <Property name="Campo aggiuntivo Utente 63" id="40063" index="0" type="15" identname="EPLAN.Project.UserSupplementaryField63" category="1" displaytype="9000"/>
 <Property name="Campo aggiuntivo Utente 64" id="40064" index="0" type="15" identname="EPLAN.Project.UserSupplementaryField64" category="1" displaytype="9000"/>
 <Property name="Campo aggiuntivo Utente 65" id="40065" index="0" type="15" identname="EPLAN.Project.UserSupplementaryField65" category="1" displaytype="9000"/>
 <Property name="Campo aggiuntivo Utente 66" id="40066" index="0" type="15" identname="EPLAN.Project.UserSupplementaryField66" category="1" displaytype="9000"/>
 <Property name="Campo aggiuntivo Utente 67" id="40067" index="0" type="15" identname="EPLAN.Project.UserSupplementaryField67" category="1" displaytype="9000"/>
 <Property name="Campo aggiuntivo Utente 68" id="40068" index="0" type="15" identname="EPLAN.Project.UserSupplementaryField68" category="1" displaytype="9000"/>
 <Property name="Campo aggiuntivo Utente 69" id="40069" index="0" type="15" identname="EPLAN.Project.UserSupplementaryField69" category="1" displaytype="9000"/>
 <Property name="Campo aggiuntivo Utente 70" id="40070" index="0" type="15" identname="EPLAN.Project.UserSupplementaryField70" category="1" displaytype="9000"/>
 <Property name="Campo aggiuntivo Utente 71" id="40071" index="0" type="15" identname="EPLAN.Project.UserSupplementaryField71" category="1" displaytype="9000"/>
 <Property name="Campo aggiuntivo Utente 72" id="40072" index="0" type="15" identname="EPLAN.Project.UserSupplementaryField72" category="1" displaytype="9000"/>
 <Property name="Campo aggiuntivo Utente 73" id="40073" index="0" type="15" identname="EPLAN.Project.UserSupplementaryField73" category="1" displaytype="9000"/>
 <Property name="Campo aggiuntivo Utente 74" id="40074" index="0" type="15" identname="EPLAN.Project.UserSupplementaryField74" category="1" displaytype="9000"/>
 <Property name="Campo aggiuntivo Utente 75" id="40075" index="0" type="15" identname="EPLAN.Project.UserSupplementaryField75" category="1" displaytype="9000"/>
 <Property name="Campo aggiuntivo Utente 76" id="40076" index="0" type="15" identname="EPLAN.Project.UserSupplementaryField76" category="1" displaytype="9000"/>
 <Property name="Campo aggiuntivo Utente 77" id="40077" index="0" type="15" identname="EPLAN.Project.UserSupplementaryField77" category="1" displaytype="9000"/>
 <Property name="Campo aggiuntivo Utente 78" id="40078" index="0" type="15" identname="EPLAN.Project.UserSupplementaryField78" category="1" displaytype="9000"/>
 <Property name="Campo aggiuntivo Utente 79" id="40079" index="0" type="15" identname="EPLAN.Project.UserSupplementaryField79" category="1" displaytype="9000"/>
 <Property name="Campo aggiuntivo Utente 80" id="40080" index="0" type="15" identname="EPLAN.Project.UserSupplementaryField80" category="1" displaytype="9000"/>
 <Property name="Campo aggiuntivo Utente 81" id="40081" index="0" type="15" identname="EPLAN.Project.UserSupplementaryField81" category="1" displaytype="9000"/>
 <Property name="Campo aggiuntivo Utente 82" id="40082" index="0" type="15" identname="EPLAN.Project.UserSupplementaryField82" category="1" displaytype="9000"/>
 <Property name="Campo aggiuntivo Utente 83" id="40083" index="0" type="15" identname="EPLAN.Project.UserSupplementaryField83" category="1" displaytype="9000"/>
 <Property name="Campo aggiuntivo Utente 84" id="40084" index="0" type="15" identname="EPLAN.Project.UserSupplementaryField84" category="1" displaytype="9000"/>
 <Property name="Campo aggiuntivo Utente 85" id="40085" index="0" type="15" identname="EPLAN.Project.UserSupplementaryField85" category="1" displaytype="9000"/>
 <Property name="Campo aggiuntivo Utente 86" id="40086" index="0" type="15" identname="EPLAN.Project.UserSupplementaryField86" category="1" displaytype="9000"/>
 <Property name="Campo aggiuntivo Utente 87" id="40087" index="0" type="15" identname="EPLAN.Project.UserSupplementaryField87" category="1" displaytype="9000"/>
 <Property name="Campo aggiuntivo Utente 88" id="40088" index="0" type="15" identname="EPLAN.Project.UserSupplementaryField88" category="1" displaytype="9000"/>
 <Property name="Campo aggiuntivo Utente 89" id="40089" index="0" type="15" identname="EPLAN.Project.UserSupplementaryField89" category="1" displaytype="9000"/>
 <Property name="Campo aggiuntivo Utente 90" id="40090" index="0" type="15" identname="EPLAN.Project.UserSupplementaryField90" category="1" displaytype="9000"/>
 <Property name="Campo aggiuntivo Utente 91" id="40091" index="0" type="15" identname="EPLAN.Project.UserSupplementaryField91" category="1" displaytype="9000"/>
 <Property name="Campo aggiuntivo Utente 92" id="40092" index="0" type="15" identname="EPLAN.Project.UserSupplementaryField92" category="1" displaytype="9000"/>
 <Property name="Campo aggiuntivo Utente 93" id="40093" index="0" type="15" identname="EPLAN.Project.UserSupplementaryField93" category="1" displaytype="9000"/>
 <Property name="Campo aggiuntivo Utente 94" id="40094" index="0" type="15" identname="EPLAN.Project.UserSupplementaryField94" category="1" displaytype="9000"/>
 <Property name="Campo aggiuntivo Utente 95" id="40095" index="0" type="15" identname="EPLAN.Project.UserSupplementaryField95" category="1" displaytype="9000"/>
 <Property name="Campo aggiuntivo Utente 96" id="40096" index="0" type="15" identname="EPLAN.Project.UserSupplementaryField96" category="1" displaytype="9000"/>
 <Property name="Campo aggiuntivo Utente 97" id="40097" index="0" type="15" identname="EPLAN.Project.UserSupplementaryField97" category="1" displaytype="9000"/>
 <Property name="Campo aggiuntivo Utente 98" id="40098" index="0" type="15" identname="EPLAN.Project.UserSupplementaryField98" category="1" displaytype="9000"/>
 <Property name="Campo aggiuntivo Utente 99" id="40099" index="0" type="15" identname="EPLAN.Project.UserSupplementaryField99" category="1" displaytype="9000"/>
 <Property name="Campo aggiuntivo Utente 100" id="40100" index="0" type="15" identname="EPLAN.Project.UserSupplementaryField100" category="1" displaytype="9000"/>
</Properties>
